{"cameraMode":{"drawMode":2,"name":"Shaded Wireframe","section":"Shading Mode"},"sceneLighting":true,"audioPlay":false,"sceneViewState":{"showFog":true,"showMaterialUpdate":false,"showSkybox":true,"showFlares":true,"showImageEffects":true,"showParticleSystems":true},"in2DMode":false,"pivot":{"x":8.04800033569336,"y":7.471635818481445,"z":3.4910199642181398},"rotation":{"x":0.10486067086458206,"y":-0.837187647819519,"z":0.1727672964334488,"w":0.508223831653595},"size":6.304800987243652,"orthographic":true}